{"stat.useItem.131":1,"stat.useItem.152":1,"stat.useItem.76":80,"stat.flyOneCm":614467,"stat.useItem.331":188,"stat.useItem.33":5,"stat.useItem.77":1,"stat.walkOneCm":111230,"stat.useItem.146":1,"stat.drop":3,"stat.jump":209,"stat.swimOneCm":242,"stat.useItem.324":1,"stat.useItem.137":49,"stat.useItem.356":77,"stat.playOneMinute":201346,"achievement.openInventory":25,"stat.useItem.404":24,"stat.useItem.29":2,"achievement.exploreAllBiomes":{"value":0,"progress":["Plains"]},"stat.useItem.35":490,"stat.diveOneCm":956}