{"stat.useItem.152":3,"stat.useItem.276":46,"stat.walkOneCm":231507,"stat.playerKills":1,"stat.useItem.356":35,"stat.leaveGame":1,"stat.killEntity.Slime":1,"stat.useItem.29":1,"stat.killEntity.Creeper":1,"stat.mineBlock.13":2,"stat.killEntity.PigZombie":1,"stat.jump":238,"stat.swimOneCm":1719,"stat.useItem.324":3,"stat.climbOneCm":3499,"stat.fallOneCm":702,"stat.entityKilledBy.PigZombie":1,"achievement.exploreAllBiomes":{"value":0,"progress":["Plains"]},"stat.useItem.35":236,"stat.useItem.131":2,"stat.useItem.331":77,"stat.useItem.45":223,"stat.useItem.137":1,"achievement.openInventory":58,"stat.damageTaken":-2147481733,"stat.killEntity.Spider":1,"stat.killEntity.Enderman":1,"stat.mobKills":26,"stat.useItem.46":12,"stat.useItem.383":1,"stat.flyOneCm":765729,"stat.deaths":6,"stat.useItem.146":2,"stat.drop":69,"stat.playOneMinute":161652,"stat.useItem.1":27,"stat.damageDealt":4000,"stat.killEntity.Zombie":3,"stat.killEntity.Silverfish":18,"stat.useItem.13":8,"stat.diveOneCm":9276}