{"stat.useItem.42":4,"stat.useItem.86":1,"stat.walkOneCm":87734,"achievement.openInventory":16,"stat.damageTaken":6805,"stat.mobKills":29,"stat.useItem.383":41,"stat.flyOneCm":161332,"stat.deaths":4,"stat.useItem.267":66,"stat.drop":1,"stat.jump":69,"stat.swimOneCm":563,"stat.playOneMinute":46863,"stat.climbOneCm":262,"stat.fallOneCm":8382,"stat.entityKilledBy.Silverfish":1,"stat.entityKilledBy.PigZombie":2,"stat.damageDealt":5130,"stat.killEntity.Zombie":1,"stat.killEntity.Silverfish":27,"achievement.exploreAllBiomes":{"value":0,"progress":["Plains"]},"stat.useItem.35":5,"stat.diveOneCm":1332,"stat.useItem.272":5}