{"stat.useItem.65":4,"stat.useItem.152":10,"stat.useItem.276":124,"stat.walkOneCm":424073,"stat.useItem.356":25,"stat.leaveGame":8,"stat.killEntity.Wolf":76,"stat.useItem.29":12,"stat.useItem.160":8,"stat.killEntity.Creeper":2,"stat.useItem.69":5,"stat.useItem.76":38,"stat.useItem.77":11,"stat.useItem.287":8,"stat.jump":462,"stat.swimOneCm":33518,"stat.useItem.323":3,"stat.useItem.404":8,"stat.useItem.70":10,"stat.useItem.35":330,"achievement.exploreAllBiomes":{"value":0,"progress":["Plains"]},"stat.useItem.131":6,"stat.useItem.87":31,"stat.useItem.331":199,"stat.useItem.89":1310,"stat.useItem.137":21,"achievement.openInventory":129,"stat.damageTaken":2147483647,"stat.mobKills":175,"stat.useItem.46":3,"stat.useItem.383":244,"stat.flyOneCm":1479430,"stat.deaths":1,"stat.drop":19,"stat.useItem.145":1,"stat.useItem.95":42,"stat.playOneMinute":440530,"stat.useItem.1":278,"stat.damageDealt":10240,"stat.killEntity.Silverfish":71,"stat.diveOneCm":60788,"stat.useItem.58":1,"stat.useItem.151":4}