{"stat.useItem.152":3,"stat.useItem.276":17,"stat.useItem.154":10,"stat.walkOneCm":319324,"stat.useItem.356":165,"stat.leaveGame":2,"stat.killEntity.Wolf":52,"stat.useItem.29":18,"stat.useItem.76":20,"stat.useItem.77":11,"stat.useItem.33":1,"stat.useItem.123":3,"stat.jump":438,"stat.swimOneCm":9898,"stat.useItem.323":12,"stat.climbOneCm":406,"stat.fallOneCm":2075,"stat.useItem.404":21,"stat.useItem.70":4,"achievement.exploreAllBiomes":{"value":0,"progress":["Plains"]},"stat.useItem.35":273,"stat.useItem.331":287,"stat.useItem.45":159,"stat.useItem.89":2,"stat.useItem.137":73,"achievement.openInventory":140,"stat.damageTaken":-2147483345,"stat.mobKills":96,"stat.useItem.383":2,"stat.flyOneCm":1751195,"stat.deaths":7,"stat.useItem.146":7,"stat.drop":10,"stat.useItem.145":2,"stat.useItem.95":2,"stat.playOneMinute":388144,"stat.useItem.1":240,"stat.useItem.109":2,"stat.damageDealt":2125,"stat.killEntity.Zombie":34,"stat.diveOneCm":1827}