{"stat.useItem.65":15,"stat.useItem.276":4,"stat.walkOneCm":190590,"stat.useItem.356":67,"stat.killEntity.Wolf":4,"stat.useItem.76":15,"stat.useItem.77":2,"stat.useItem.287":1,"stat.jump":266,"stat.swimOneCm":16905,"stat.useItem.126":18,"stat.useItem.324":1,"stat.useItem.323":2,"stat.climbOneCm":4011,"stat.fallOneCm":8445,"stat.useItem.70":22,"achievement.exploreAllBiomes":{"value":0,"progress":["Plains"]},"stat.useItem.35":265,"stat.useItem.131":2,"stat.useItem.331":48,"stat.useItem.45":122,"stat.useItem.137":63,"achievement.openInventory":71,"stat.damageTaken":-2147476909,"stat.mobKills":8,"stat.useItem.383":5,"stat.useItem.54":2,"stat.flyOneCm":1242828,"stat.deaths":34,"stat.drop":8,"stat.useItem.145":2,"stat.useItem.95":1,"stat.useItem.148":1,"stat.playOneMinute":268825,"stat.useItem.1":322,"stat.damageDealt":435,"stat.diveOneCm":10308}