{"stat.useItem.276":66,"stat.useItem.154":3,"stat.walkOneCm":219550,"stat.useItem.356":21,"stat.leaveGame":3,"stat.killEntity.Wolf":5,"stat.useItem.76":16,"stat.useItem.77":23,"stat.useItem.287":3,"stat.jump":366,"stat.swimOneCm":14432,"stat.useItem.126":3,"stat.climbOneCm":14851,"stat.useItem.404":4,"stat.useItem.70":1,"achievement.exploreAllBiomes":{"value":0,"progress":["Plains"]},"stat.useItem.35":16,"stat.useItem.131":5,"stat.useItem.331":34,"stat.useItem.137":40,"achievement.openInventory":71,"stat.mobKills":31,"stat.useItem.383":10,"stat.useItem.54":1,"stat.flyOneCm":856262,"stat.drop":29,"stat.useItem.145":1,"stat.useItem.95":7,"stat.playOneMinute":404973,"stat.useItem.1":285,"stat.damageDealt":6015,"stat.killEntity.Zombie":24,"stat.diveOneCm":11876}