{"stat.useItem.276":40,"stat.walkOneCm":86463,"achievement.openInventory":14,"stat.leaveGame":1,"stat.damageTaken":3750,"stat.mobKills":10,"stat.killEntity.Creeper":2,"stat.entityKilledBy.Creeper":4,"stat.flyOneCm":50541,"stat.deaths":8,"stat.killEntity.PigZombie":1,"stat.drop":6,"stat.jump":177,"stat.swimOneCm":14259,"stat.playOneMinute":35446,"stat.entityKilledBy.Zombie":3,"stat.fallOneCm":3809,"stat.climbOneCm":8468,"stat.useItem.3":4,"stat.entityKilledBy.PigZombie":1,"stat.damageDealt":3726,"stat.killEntity.Zombie":4,"stat.killEntity.Silverfish":1,"achievement.exploreAllBiomes":{"value":0,"progress":["Plains"]},"stat.diveOneCm":2071}