{"stat.useItem.152":2,"stat.walkOneCm":1549411,"stat.leaveGame":4,"stat.killEntity.Slime":9,"stat.useItem.76":37,"stat.jump":286,"stat.swimOneCm":95251,"stat.fallOneCm":7387,"stat.killEntity.Squid":1,"achievement.exploreAllBiomes":{"value":0,"progress":["Plains"]},"stat.useItem.35":122,"stat.useItem.89":1464,"achievement.openInventory":28,"stat.damageTaken":710,"stat.mobKills":14,"stat.useItem.46":3,"stat.useItem.383":26,"stat.flyOneCm":596762,"stat.deaths":1,"stat.drop":17,"stat.useItem.50":35,"stat.useItem.95":716,"stat.playOneMinute":438217,"stat.useItem.1":442,"stat.useItem.3":314,"stat.damageDealt":995,"stat.diveOneCm":510237}