{"stat.useItem.22":535,"stat.useItem.276":36,"stat.useItem.23":1,"stat.walkOneCm":703049,"achievement.openInventory":48,"stat.leaveGame":1,"stat.damageTaken":4040,"stat.mobKills":40,"stat.useItem.383":628,"stat.useItem.54":10,"stat.mineBlock.35":3,"stat.flyOneCm":1342652,"stat.deaths":4,"stat.drop":7,"stat.useItem.145":1,"stat.jump":934,"stat.swimOneCm":120,"stat.useItem.324":3,"stat.playOneMinute":292064,"stat.fallOneCm":18560,"stat.climbOneCm":1604,"stat.entityKilledBy.Silverfish":1,"stat.damageDealt":3020,"stat.killEntity.Silverfish":39,"achievement.exploreAllBiomes":{"value":0,"progress":["Plains"]},"stat.useItem.35":7356}