{"stat.useItem.54":1,"stat.flyOneCm":517018,"stat.useItem.22":2,"stat.useItem.276":324,"stat.walkOneCm":247595,"stat.drop":7,"stat.useItem.145":1,"stat.jump":340,"stat.swimOneCm":23276,"stat.playOneMinute":92278,"stat.useItem.106":3470,"achievement.openInventory":32,"stat.useItem.1":318,"stat.climbOneCm":2166,"stat.useItem.116":2,"stat.killEntity.Chicken":1,"stat.damageDealt":49912,"stat.mobKills":75,"achievement.exploreAllBiomes":{"value":0,"progress":["Plains"]},"stat.killEntity.Creeper":18,"stat.diveOneCm":8030,"stat.useItem.47":113}